frame,GDT
0.0,0.38461538461538464
1.0,0.38461538461538464
2.0,0.3076923076923077
3.0,0.38461538461538464
